{
"scene": "dadesBCN",
"typeScene": "REALDATA",
"base" : {
   "type": "FITTEDPLANE",
   "normal": [0.0, 1.0, 0.0],
   "point": [0.0, -1.0, 0.0],
   "pmin": [-5.0, -5.0],
   "pmax": [5.0, 5.0],
   "material": {
   "type": "MATERIALTEXTURA",
   "ka": [0.1, 0.1, 0.1],
   "kd": [0.7,0.4,0.4],
   "ks": [1.0, 1.0, 1.0],
   "shininess": 50.0,
   "textureFile": "://resources/mapBCN.png"
    }
},
"Real": {
  "minPoint": [2.1103, 41.3581],
  "maxPoint": [2.2075, 41.4423]
},
"Virtual": {
  "minPoint": [-5,  -1, -5],
  "maxPoint": [ 5,  2,  5.31]
},"attributes": [
{
"name": "AssistenciaConcerts",
"gyzmo": "sphere",
"minValue": 1800,
"maxValue": 382703,
"colorMap": "COLOR_MAP_TYPE_PLASMA",
"material": {
    "type": "TRANSPARENT",
    "ka": [0.2, 0.2, 0.2],
    "kd": [0.7,0.6,0.5],
    "ks": [0.7, 0.7, 0.7],
    "kt": [0.5, 0.5, 0.5],
    "nut" : 1.0,
    "shininess": 10.0
 },
"data": [
 [2.1621234, 41.4056165,  6100],
 [ 2.1677698, 41.4034215,  2900],
 [2.135380995, 41.389714424,  37596],
 [ 2.1564047, 41.4062419,  3650],
 [ 2.185382, 41.3855443,  9483],
 [2.178407934, 41.381142750,  37920],
 [ 2.16018, 41.40352,  4214],
 [ 2.175268003, 41.379703771,  45787],
 [ 2.164072884, 41.379806535,  13224],
 [ 2.1550105, 41.3984803,  5172],
 [ 2.149045108, 41.394592939,  150000],
 [ 2.191080074, 41.397724772,  382703],
 [ 2.169583037, 41.375154356,  75000],
 [ 2.191159281, 41.399440359,  1925],
 [ 2.175174697, 41.380544047,  12221],
 [ 2.175268003, 41.379703771,  81833]
 ]
 }
 ]
}
