{
"scene": "dadesDelta",
"typeScene": "REALDATA",
"base" : {
   "type": "FITTEDPLANE",
   "normal": [0.0, 1.0, 0.0],
   "point": [0.0, -1.0, 0.0],
   "pmin": [-50.0, -50.0],
   "pmax": [50.0, 50.0],
   "material": {
   "type": "MATERIALTEXTURA",
   "ka": [0.1, 0.1, 0.1],
   "kd": [0.7,0.4,0.4],
   "ks": [1.0, 1.0, 1.0],
   "shininess": 500.0,
   "textureFile": "://resources/mapDelta.png"
    }
},
"Real": {
  "minPoint": [0.8371, 40.7163],
  "maxPoint": [0.8617, 40.7374]
},
"Virtual": {
  "minPoint": [-10,  0, -10],
  "maxPoint": [ 10,  5,  10]
},"attributes": [
{
"name": "anec xiulador",
"gyzmo": "sphere",
"minValue": 1000,
"maxValue": 40000,
"colorMap": "COLOR_MAP_TYPE_PLASMA",
"material": {
    "type": "transparent",
    "ka": [0.2, 0.2, 0.2],
    "kd": [0.7,0.6,0.5],
    "ks": [0.7, 0.7, 0.7],
    "kt": [0.6, 0.6, 0.6],
    "nut" : 1.0,
    "shininess": 10.0
 },
"data": [
[0.8385235278069121, 40.718989579786275, 1543], 
[0.8484413090784165, 40.72724047269064, 7094], 
[0.8536623080856623, 40.730632172436394, 11974], 
[0.8493175386948218, 40.73452531004912, 19763], 
[0.8437354907760481, 40.718026891620866, 11417], 
[0.8421389375622643, 40.726893659286986, 16949]
 ]
 },
 {
"name": "anec blanc",
"gyzmo": "box",
"minValue": 1000,
"maxValue": 40000,
"colorMap": "COLOR_MAP_TYPE_PLASMA",
"material": {
    "type": "LAMBERTIAN",
    "ka": [0.2, 0.2, 0.2],
    "kd": [0.7,0.6,0.5],
    "ks": [0.7, 0.7, 0.7],
    "kt": [0.6, 0.6, 0.6],
    "nut" : 1.0,
    "shininess": 10.0
 },
"data": [
 [0.8570579907993661, 40.73258600915223, 20531], 
 [0.8586718086986206, 40.72393116592885, 17333], 
 [0.8489744739047764, 40.72108180240649, 11697],
[0.8527403562706634, 40.72546518093619, 27566], 
[0.8531068680451457, 40.72665523279135, 24146], 
[0.8512261567025226, 40.71756280857302, 24303]
 ]
 },
 {
"name": "panec griset",
"gyzmo": "cylinder",
"minValue": 1000,
"maxValue": 40000,
"colorMap": "COLOR_MAP_TYPE_PLASMA",
"material": {
    "type": "LAMBERTIAN",
    "ka": [0.2, 0.2, 0.2],
    "kd": [0.7,0.6,0.5],
    "ks": [0.7, 0.7, 0.7],
    "kt": [0.6, 0.6, 0.6],
    "nut" : 1.0,
    "shininess": 10.0
 },
"data": [
[0.8494, 40.72443537892814, 10438], 
[0.8494, 40.72953557237639, 12055], 
[0.8494, 40.73148622249321, 20889], 
 [0.8494, 40.72102381941598, 1832],
 [0.8494, 40.72872705783505, 40000], 
 [0.8494, 40.717641803198525, 16610]
 ]
 }
 ]
}
